date,rank,artist,title,streams,streams7,total_streams,url
2026-05-22,1,Olivia Rodrigo,the cure,7215960,7215960,7215960,https://kworb.net/spotify/track/4EoJ151oQ5jY48z4RhSE96.html
2026-05-22,2,Michael Jackson,Billie Jean,6116960,41467196,707627015,https://kworb.net/spotify/track/7J1uxwnxfQLu4APicE5Rnj.html
2026-05-22,3,Justin Bieber,Beauty And A Beat,6009112,40112368,351192322,https://kworb.net/spotify/track/6QFCMUUq1T2Vf5sFUXcuQ7.html
2026-05-22,4,Drake,Janice STFU,5424503,35045363,44634530,https://kworb.net/spotify/track/514joG57v4yKTsfQmz7stz.html
2026-05-22,5,BTS,SWIM,5119464,35967526,456004499,https://kworb.net/spotify/track/68lbSrXDORS51pmyjZv712.html
2026-05-22,6,Dominic Fike,Babydoll,4757629,32755216,605348085,https://kworb.net/spotify/track/7yNf9YjeO5JXUE3JEBgnYc.html
2026-05-22,7,Michael Jackson,Beat It,4725984,31890194,146707227,https://kworb.net/spotify/track/3BovdzfaX4jb5KFQwoPfAw.html
2026-05-22,8,Olivia Rodrigo,drop dead,4059226,20625795,161191025,https://kworb.net/spotify/track/7Hc6qcJG4NtyZgbNvQyd8U.html
2026-05-22,9,Drake,National Treasures,3727968,30049390,39397587,https://kworb.net/spotify/track/393OFJFZKIIv66JmJcNm9D.html
2026-05-22,10,Malcolm Todd,Earrings,3445275,22441833,131323384,https://kworb.net/spotify/track/0eAuGrXyGFYwur9ARUe7LJ.html
2026-05-22,11,Michael Jackson,Human Nature,3344950,22622641,75426600,https://kworb.net/spotify/track/4cgjA7B4fJBHyB9Ya2bu0t.html
2026-05-22,12,Katy Perry,The One That Got Away,3318222,22645115,148026048,https://kworb.net/spotify/track/6hkOqJ5mE093AQf2lbZnsG.html
2026-05-22,13,Michael Jackson,Don't Stop 'Til You Get Enough - Single Version,3310640,22492561,84494452,https://kworb.net/spotify/track/46eu3SBuFCXWsPT39Yg3tJ.html
2026-05-22,14,sombr,back to friends,3307843,22676503,1818545178,https://kworb.net/spotify/track/7qjZnBKE73H4Oxkopwulqe.html
2026-05-22,15,Drake,Whisper My Name,3219057,26847807,37574654,https://kworb.net/spotify/track/7KGHenqXZofXNm5MKDbT3J.html
2026-05-22,16,Drake,Ran To Atlanta,3205417,28455308,39351767,https://kworb.net/spotify/track/3DK90400cDlV5WUJPraMph.html
2026-05-22,17,Olivia Dean,Man I Need,3185677,21400162,1111642267,https://kworb.net/spotify/track/1qbmS6ep2hbBRaEZFpn7BX.html
2026-05-22,18,Ella Langley,Choosin' Texas,3163243,21237971,313229995,https://kworb.net/spotify/track/65DbTqJKhbwqYbZ1Okr0rc.html
2026-05-22,19,Tame Impala,Dracula - JENNIE Remix,3140754,20915363,262711347,https://kworb.net/spotify/track/5yvVYFDUpbnjcnRBgjwTzM.html
2026-05-22,20,Djo,End of Beginning,3127141,21201826,2543420706,https://kworb.net/spotify/track/3qhlB30KknSejmIvZZLjOD.html
2026-05-22,21,Drake,Shabang,3066746,24622833,33137806,https://kworb.net/spotify/track/6vjpQIdABqntoe3zPazPec.html
2026-05-22,22,Taylor Swift,The Fate of Ophelia,2981959,20312843,1362851942,https://kworb.net/spotify/track/53iuhJlwXhSER5J2IYYv1W.html
2026-05-22,23,Temper City,Self Aware,2949198,18531216,95988095,https://kworb.net/spotify/track/4qW3BbQAwZsrnu8a3ZRdyT.html
2026-05-22,24,Bruno Mars,Risk It All,2928023,20212260,344864646,https://kworb.net/spotify/track/5y2ijHECwFYWqcAHKTZgzD.html
2026-05-22,25,Michael Jackson,Chicago,2926962,16791478,51489258,https://kworb.net/spotify/track/5BKKy9fIJL5uM9fz1SnqyP.html
2026-05-22,26,Bad Bunny,DtMF,2909624,18844019,1860060489,https://kworb.net/spotify/track/3sK8wGT43QFpWrvNQsrQya.html
2026-05-22,27,Dave,Raindance,2908341,19208242,520052897,https://kworb.net/spotify/track/3oTuTpF1F3A7rEC6RKsMRz.html
2026-05-22,28,Alex Warren,Ordinary,2875898,19276721,1883232706,https://kworb.net/spotify/track/2RkZ5LkEzeHGRsmDqKwmaJ.html
2026-05-22,29,The Goo Goo Dolls,Iris,2875815,19121294,2024557760,https://kworb.net/spotify/track/6Qyc6fS4DsZjB2mRW9DsQs.html
2026-05-22,30,Ravyn Lenae,Love Me Not,2870922,18569737,1087466282,https://kworb.net/spotify/track/4WFgvKVfEhb3IUAFGrutTR.html
2026-05-22,31,PinkPantheress,Stateside + Zara Larsson,2865475,19562173,469431966,https://kworb.net/spotify/track/1DwscornXpj8fmOmYVlqZt.html
2026-05-22,32,Zara Larsson,Lush Life,2864834,17974486,1086546077,https://kworb.net/spotify/track/1rIKgCH4H52lrvDcz50hS8.html
2026-05-22,33,Justin Bieber,DAISIES,2665615,18373196,782303891,https://kworb.net/spotify/track/5BZsQlgw21vDOAjoqkNgKb.html
2026-05-22,34,Lady Gaga,Die With A Smile,2645526,18087092,3647601374,https://kworb.net/spotify/track/2plbrEY59IikOBgBGLjaoe.html
2026-05-22,35,Olivia Dean,So Easy (To Fall In Love),2625595,18501403,805758151,https://kworb.net/spotify/track/6sGIMrtIzQjdzNndVxe397.html
2026-05-22,36,Jennifer Lopez,On The Floor,2571734,10762509,10762509,https://kworb.net/spotify/track/3C0nOe05EIt1390bVABLyN.html
2026-05-22,37,Michael Jackson,Smooth Criminal - 2012 Remaster,2549548,17398448,71919202,https://kworb.net/spotify/track/5T7ywazdGIydr6JCW6t02j.html
2026-05-22,38,RAYE,WHERE IS MY HUSBAND!,2544159,16552172,796141971,https://kworb.net/spotify/track/55lijDD6OAjLFFUHU9tcDm.html
2026-05-22,39,Bad Bunny,BAILE INoLVIDABLE,2469038,15470443,1514415542,https://kworb.net/spotify/track/2lTm559tuIvatlT1u0JYG2.html
2026-05-22,40,Drake,2 Hard 4 The Radio,2430876,21419346,28768045,https://kworb.net/spotify/track/7COiiObIVJIdBcW3J43Iy2.html
2026-05-22,41,The Killers,Mr. Brightside,2417656,16049974,1750976127,https://kworb.net/spotify/track/003vvx7Niy0yvhvHt4a68B.html
2026-05-22,42,The Neighbourhood,Sweater Weather,2404412,16834057,3995778605,https://kworb.net/spotify/track/2QjOHCTQ1Jl3zawyYOpxh6.html
2026-05-22,43,Billie Eilish,BIRDS OF A FEATHER,2372925,16812999,3686699851,https://kworb.net/spotify/track/6dOtVTDdiauQNBQEDOtlAB.html
2026-05-22,44,HUNTR/X,Golden,2353191,16140651,1690529726,https://kworb.net/spotify/track/1CPZ5BxNNd0n0nF4Orb9JS.html
2026-05-22,45,Dominic Fike,White Keys,2335173,15472530,210926548,https://kworb.net/spotify/track/5ViLKrbyL3HD6wsq3AB9eI.html
2026-05-22,46,Bruno Mars,Locked out of Heaven,2293557,15285955,2140724480,https://kworb.net/spotify/track/5g7sDjBhZ4I3gcFIpkrLuI.html
2026-05-22,47,Drake,Plot Twist,2265160,19688261,26641895,https://kworb.net/spotify/track/3cLCA9LSb6UiOeNvTZoaav.html
2026-05-22,48,Drake,One Dance,2242535,15184955,3266858816,https://kworb.net/spotify/track/1zi7xx7UVEFkmKfv06H8x0.html
2026-05-22,49,Bad Bunny,NUEVAYoL,2240935,13924920,1271251008,https://kworb.net/spotify/track/5TFD2bmFKGhoCRbX61nXY5.html
2026-05-22,50,Bruno Mars,I Just Might,2220717,14682797,411541882,https://kworb.net/spotify/track/6f68Ac5tt5BQOpwr0BV9oN.html
2026-05-22,51,Michael Jackson,Bad - 2012 Remaster,2219036,14298615,52056079,https://kworb.net/spotify/track/2gSNBigeWMVtY3QBIvPAEc.html
2026-05-22,52,Vance Joy,Riptide,2208980,14623859,2779171719,https://kworb.net/spotify/track/7yq4Qj7cqayVTp3FF9CWbm.html
2026-05-22,53,Tame Impala,Dracula,2176066,14653592,352795286,https://kworb.net/spotify/track/1NXbNEAcPvY5G1xvfN57aA.html
2026-05-22,54,Gigi Perez,Sailor Song,2167821,15089142,1864602459,https://kworb.net/spotify/track/21IYMdzTrzSe191Cy5eMap.html
2026-05-22,55,Michael Jackson,Dirty Diana - 2012 Remaster,2156322,14619158,53259930,https://kworb.net/spotify/track/0AcgKF7kbSoCkh3n7vlHwK.html
2026-05-22,56,Harry Styles,Sign of the Times,2151013,13856294,475798650,https://kworb.net/spotify/track/5Ohxk2dO5COHF1krpoPigN.html
2026-05-22,57,El Bogueto,Cuando No Era Cantante - Remix,2149791,14191211,328964465,https://kworb.net/spotify/track/2pbSCYzxrG0wa6qcj8IyiE.html
2026-05-22,58,The Police,Every Breath You Take,2096184,14382992,2462640816,https://kworb.net/spotify/track/1JSTJqkT5qHq8MDJnJbRE1.html
2026-05-22,59,Radiohead,Creep,2092789,13853158,1470792802,https://kworb.net/spotify/track/70LcF31zb1H0PyJoS1Sx1r.html
2026-05-22,60,Bella Kay,iloveitiloveitiloveit,2083973,14329720,246634620,https://kworb.net/spotify/track/5IMpnpD0tQVcqWlVIgtAtV.html
2026-05-22,61,Sabrina Carpenter,Manchild,2073297,13877335,945968158,https://kworb.net/spotify/track/2BwO5K8Q7EPAJSGze3AAh9.html
2026-05-22,62,Sean Paul,(When You Gonna) Give It Up to Me,2050479,12662912,246322627,https://kworb.net/spotify/track/5nEdwtSv0qqeE0l4o1lR4q.html
2026-05-22,63,BTS,Body to Body,2014868,13962420,219189235,https://kworb.net/spotify/track/2rKkfc4VZ74FQDc1FF1Zo6.html
2026-05-22,64,Fleetwood Mac,Dreams - 2001 Remaster,2012444,13395982,78562121,https://kworb.net/spotify/track/53qkszfgztIvkFyF31GfdQ.html
2026-05-22,65,sombr,Homewrecker,2009214,13069783,242846645,https://kworb.net/spotify/track/7tICCrK3CcyRFKza7yrR0z.html
2026-05-22,66,Gracie Abrams,Hit the Wall,2008916,12658034,15896608,https://kworb.net/spotify/track/1U90UBmMrQTx9GNweUA4LZ.html
2026-05-22,67,Drake,Dust,2007975,19783475,30704059,https://kworb.net/spotify/track/4eE16RJFDKf2WxBTqqfylu.html
2026-05-22,68,Justin Bieber,Baby,2005253,13638552,121617981,https://kworb.net/spotify/track/6epn3r7S14KUqlReYr77hA.html
2026-05-22,69,Justin Bieber,Confident - Single Version,1988171,13692166,318519217,https://kworb.net/spotify/track/6czM6UMQD9qE5GAUp68oud.html
2026-05-22,70,BTS,2.0,1972962,13708117,188678462,https://kworb.net/spotify/track/3bmpXHVie1GTy37OkXJ7Vc.html
2026-05-22,71,Sam Fender,Rein Me In,1968876,12387684,154642821,https://kworb.net/spotify/track/0MUXBhPUDF8or0kfQ0EHwV.html
2026-05-22,72,Neton Vega,Nalguita y Teta,1967760,13019403,55664467,https://kworb.net/spotify/track/6SuIUd8Wl5tZcyMFAV0EZJ.html
2026-05-22,73,Harry Styles,As It Was,1952941,12807942,4310443762,https://kworb.net/spotify/track/4Dvkj6JhhA12EX05fT7y2e.html
2026-05-22,74,Drake,What Did I Miss?,1950698,18151595,77513764,https://kworb.net/spotify/track/57GsLpRtEtrzcPGPop20rS.html
2026-05-22,75,BTS,Hooligan,1933901,13354464,192893529,https://kworb.net/spotify/track/20dAJsyno9ZoBLJtqgQnUI.html
2026-05-22,76,Michael Jackson,They Don't Care About Us,1916537,13255278,57269278,https://kworb.net/spotify/track/3wuCCNCnBhJlwkIJTBZFiv.html
2026-05-22,77,Harry Styles,American Girls,1891925,11858051,184962701,https://kworb.net/spotify/track/7gtG45ieyQzKtNKobfLd49.html
2026-05-22,78,Michael Jackson,Thriller,1880711,13218922,107166971,https://kworb.net/spotify/track/2LlQb7Uoj1kKyGhlkBf9aC.html
2026-05-22,79,Arctic Monkeys,I Wanna Be Yours,1867714,12953068,3256293119,https://kworb.net/spotify/track/5XeFesFbtLpXzIVDNQP22n.html
2026-05-22,80,Charli xcx,SS26,1866509,1866509,1866509,https://kworb.net/spotify/track/3d5NbAerF2MMHw9tdIxiFH.html
2026-05-22,81,Sabrina Carpenter,Espresso,1857586,12615878,2968046799,https://kworb.net/spotify/track/2HRqTpkrJO5ggZyyK6NPWz.html
2026-05-22,82,The Weeknd,Starboy,1857271,12963025,3741681274,https://kworb.net/spotify/track/7MXVkk9YMctZqd1Srtv4MB.html
2026-05-22,83,Don Omar,Danza Kuduro,1854512,11762629,1197814420,https://kworb.net/spotify/track/2a1o6ZejUi8U3wzzOtCOYw.html
2026-05-22,84,Drake,B's On The Table,1854379,16609174,23880734,https://kworb.net/spotify/track/4ygJHbpMGwZknVFaRikdFr.html
2026-05-22,85,Drake,Make Them Cry,1851580,20135135,33354156,https://kworb.net/spotify/track/55wlsNYqcfiQsHuX8l0jmF.html
2026-05-22,86,Bad Bunny,EoO,1848512,11631750,1103115277,https://kworb.net/spotify/track/6J5kc12BW5HuP3d7C3vvx8.html
2026-05-22,87,Coldplay,Yellow,1831630,12344557,3023783821,https://kworb.net/spotify/track/3AJwUDP919kvQ9QcozQPxg.html
2026-05-22,88,Arctic Monkeys,505,1824403,12355062,2348152692,https://kworb.net/spotify/track/58ge6dfP91o9oXMzq3XkIS.html
2026-05-22,89,Zara Larsson,Midnight Sun,1824292,11456435,183533734,https://kworb.net/spotify/track/1qRV1dKLOfH1s00b9J2LUQ.html
2026-05-22,90,Linkin Park,In the End,1819446,11790151,1535925622,https://kworb.net/spotify/track/60a0Rd6pjrkxjPbaKzXjfq.html
2026-05-22,91,Omar Courtz,KOKO,1789783,11818728,113530034,https://kworb.net/spotify/track/1tz7RZirwiuaJw2p0jbdHb.html
2026-05-22,92,ROSÉ,APT.,1774829,11351414,2393280671,https://kworb.net/spotify/track/4wJ5Qq0jBN4ajy7ouZIV1c.html
2026-05-22,93,HUGEL,Jamaican (Bam Bam),1770543,10119667,70023617,https://kworb.net/spotify/track/7e4zDInS6tA2jwzphvs2Ay.html
2026-05-22,94,Bruno Mars,Just the Way You Are,1769116,11961133,1782422505,https://kworb.net/spotify/track/7BqBn9nzAq8spo5e7cZ0dJ.html
2026-05-22,95,Bad Bunny,Tití Me Preguntó,1741139,10857709,1543222122,https://kworb.net/spotify/track/1IHWl5LamUGEuP4ozKQSXZ.html
2026-05-22,96,Michael Jackson,The Way You Make Me Feel - 2012 Remaster,1731473,11765497,48627486,https://kworb.net/spotify/track/76HKOVWqsEg26SECtmw7Rz.html
2026-05-22,97,Bruno Mars,That's What I Like,1731249,11456090,1915977570,https://kworb.net/spotify/track/0KKkJNfGyhkQ5aFogxQAPU.html
2026-05-22,98,Drake,Make Them Pay,1725938,16991221,24673672,https://kworb.net/spotify/track/57rkFdhoKjgkg16fsS4pgg.html
2026-05-22,99,Fuerza Regida,TU SANCHO,1722304,12710754,601668161,https://kworb.net/spotify/track/6eLQXa6uk2EW8drsiKbABZ.html
2026-05-22,100,Shakira,Hips Don't Lie,1716177,10643475,521820918,https://kworb.net/spotify/track/3ZFTkvIE7kyPt6Nu3PEa7V.html
2026-05-22,101,sombr,12 to 12,1709478,10907951,642687356,https://kworb.net/spotify/track/05od2qm2MTSKCHxy1GBp5W.html
2026-05-22,102,The Weeknd,One Of The Girls,1692201,11849193,2530866565,https://kworb.net/spotify/track/7CyPwkp0oE8Ro9Dd5CUDjW.html
2026-05-22,103,Billie Eilish,WILDFLOWER,1688959,12281082,2022894156,https://kworb.net/spotify/track/3QaPy1KgI7nu9FJEQUgn6h.html
2026-05-22,104,Lenin Ramírez,Todo Lo Fue,1686931,11387898,168765715,https://kworb.net/spotify/track/0Sa8aRfGckW0qUGLrBwoBG.html
2026-05-22,105,Disco Lines,No Broke Boys,1681481,10875110,717760943,https://kworb.net/spotify/track/3cZajhyr8LmtPfHZ9296tj.html
2026-05-22,106,Benson Boone,Beautiful Things,1676543,10764732,2927627695,https://kworb.net/spotify/track/3xkHsmpQCBMytMJNiDf3Ii.html
2026-05-22,107,Drake,Burning Bridges,1666972,15253575,21904997,https://kworb.net/spotify/track/1ijYk2EYwj0rGqYwtjiAUJ.html
2026-05-22,108,Ed Sheeran,Shape of You,1666567,11163904,4320543381,https://kworb.net/spotify/track/7qiZfU4dY1lWllzX7mPBI3.html
2026-05-22,109,Pitbull,Give Me Everything,1665346,10512473,800047511,https://kworb.net/spotify/track/4QNpBfC0zvjKqPJcyqBy9W.html
2026-05-22,110,Macklemore & Ryan Lewis,Can't Hold Us,1663963,10977186,1616448956,https://kworb.net/spotify/track/22skzmqfdWrjJylampe0kt.html
2026-05-22,111,Teddy Swims,Lose Control,1661851,10900949,2411857045,https://kworb.net/spotify/track/17phhZDn6oGtzMe56NuWvj.html
2026-05-22,112,Ella Langley,Be Her,1661789,11393713,65353506,https://kworb.net/spotify/track/13HD3tYTiz8oSRxWzXEq7g.html
2026-05-22,113,Banjaare,Bairan,1653843,11467754,157393960,https://kworb.net/spotify/track/0RsH8g8DxdYZgdGcod5I36.html
2026-05-22,114,Evanescence,Bring Me To Life,1641833,11009715,553630995,https://kworb.net/spotify/track/0COqiPhxzoWICwFCS4eZcp.html
2026-05-22,115,Danny Ocean,Me Rehúso,1639294,10115762,884774920,https://kworb.net/spotify/track/6ifUES3keWjwXgae8pXI3o.html
2026-05-22,116,SIENNA SPIRO,Die On This Hill,1632089,11351174,401599704,https://kworb.net/spotify/track/2gYTC8DsplN3RNdpdBcCOQ.html
2026-05-22,117,DJ Snake,Let Me Love You,1630746,11258062,1436407275,https://kworb.net/spotify/track/4pdPtRcBmOSQDlJ3Fk945m.html
2026-05-22,118,Fuerza Regida,COQUETA,1630195,10687260,517374886,https://kworb.net/spotify/track/1PREzVLuDT6PSE9sej4wnV.html
2026-05-22,119,Jung Kook,Seven,1628010,11381905,2741448042,https://kworb.net/spotify/track/2HRgqmZQC0MC7GeNuDIXHN.html
2026-05-22,120,Rihanna,Don't Stop The Music,1618667,10282417,239597365,https://kworb.net/spotify/track/1Jo0Zg7XlrA6z0mFTZVdkn.html
2026-05-22,121,Sean Kingston,Eenie Meenie,1604593,10560690,113785428,https://kworb.net/spotify/track/4vVTI94F9uJ8lHNDWKv0i2.html
2026-05-22,122,Justin Bieber,Sorry,1604403,11289698,1211638439,https://kworb.net/spotify/track/69bp2EbF7Q2rqc5N3ylezZ.html
2026-05-22,123,BTS,they don’t know ’bout us,1603770,11132192,157318175,https://kworb.net/spotify/track/0b61A7v9agI08BG21jJPQ9.html
2026-05-22,124,Gorillaz,Feel Good Inc,1601052,10626838,786881363,https://kworb.net/spotify/track/0d28khcov6AiegSCpG5TuT.html
2026-05-22,125,Nirvana,Smells Like Teen Spirit - Remastered,1597520,10722485,905894849,https://kworb.net/spotify/track/0gucTLf7trAf37Ua1uAyAu.html
2026-05-22,126,DARA,Bangaranga,1596853,12613560,12613560,https://kworb.net/spotify/track/6SvlfrQYzUsW5UQUpUpy26.html
2026-05-22,127,CORTIS,REDRED,1578375,11076544,52901896,https://kworb.net/spotify/track/2fCwv2ppU5nTRTckomIGsd.html
2026-05-22,128,Michael Jackson,Rock with You - Single Version,1577866,11203484,46242574,https://kworb.net/spotify/track/7oOOI85fVQvVnK5ynNMdW7.html
2026-05-22,129,Lord Huron,The Night We Met,1572417,10906448,2562636619,https://kworb.net/spotify/track/3hRV0jL3vUpRrcy398teAU.html
2026-05-22,130,F3miii,NOBLE,1571355,8816815,22081302,https://kworb.net/spotify/track/2LSmH4vxyRhkJ2pPqcmkXw.html
2026-05-22,131,Taylor Swift,Opalite,1571307,10724076,723567826,https://kworb.net/spotify/track/3yWuTOYDztXjZxdE2cIRUa.html
2026-05-22,132,BTS,FYA,1567756,10860456,169146976,https://kworb.net/spotify/track/0KmrKOdScRDVYwWS8hkkdv.html
2026-05-22,133,Shawn Mendes,Treat You Better,1553405,10438532,771360733,https://kworb.net/spotify/track/76t5B0ttSAje5KHmQbv88t.html
2026-05-22,134,"Tyler, The Creator",See You Again,1552788,10829686,2106751749,https://kworb.net/spotify/track/7KA4W4McWYRpgf0fWsJZWB.html
2026-05-22,135,Peso Pluma,daño,1552695,10525918,253124784,https://kworb.net/spotify/track/136BeIIoBGrrU9fI1jbcDR.html
2026-05-22,136,KATSEYE,PINKY UP,1550012,10856460,92380324,https://kworb.net/spotify/track/4KmkJjHTNlr1jFY56Lyz4E.html
2026-05-22,137,Kendrick Lamar,All The Stars,1549674,10536350,1944972694,https://kworb.net/spotify/track/3GCdLUSnKSMJhs4Tj6CV3s.html
2026-05-22,138,Shakira,Dai Dai,1549658,1549658,3325258,https://kworb.net/spotify/track/0kosUz0jePvjiz4ctmR6wL.html
2026-05-22,139,Empire Of The Sun,We Are The People,1542771,10051210,431460275,https://kworb.net/spotify/track/3zEN0ii6s4DHHBpnTp3RP7.html
2026-05-22,140,Oasis,Wonderwall - Remastered,1538864,9964362,746136698,https://kworb.net/spotify/track/5qqabIl2vWzo9ApSC317sa.html
2026-05-22,141,Coldplay,Viva La Vida,1536531,9839578,2174101491,https://kworb.net/spotify/track/1mea3bSkSGXuIRvnydlB5b.html
2026-05-22,142,The Script,The Man Who Can't Be Moved,1534132,8626359,296109914,https://kworb.net/spotify/track/3nqqDo8CcCLke3ZoTgiOKf.html
2026-05-22,143,BTS,NORMAL,1527816,10583911,165611361,https://kworb.net/spotify/track/4B4Q7zfd0aHcuhQBfCRnH5.html
2026-05-22,144,The Weeknd,Blinding Lights,1526450,10208826,5334955845,https://kworb.net/spotify/track/0VjIjW4GlUZAMYd2vXMi3b.html
2026-05-22,145,Natasha Bedingfield,Unwritten,1526305,8305844,852030391,https://kworb.net/spotify/track/3U5JVgI2x4rDyHGObzJfNf.html
2026-05-22,146,The Kid LAROI,Stay,1510756,10000192,3349304098,https://kworb.net/spotify/track/5PjdY0CKGZdEuoNab3yDmX.html
2026-05-22,147,Linkin Park,Numb,1510413,9772748,1104694173,https://kworb.net/spotify/track/2nLtzopw4rPReszdYBJU6h.html
2026-05-22,148,BTS,Like Animals,1506050,10491039,158340402,https://kworb.net/spotify/track/2IFND3phjzIG1RcPnHh2hP.html
2026-05-22,149,KATSEYE,Gabriela,1504608,10384935,811852113,https://kworb.net/spotify/track/1xOqGUkyxGQRdCvGpvWKmL.html
2026-05-22,150,OneRepublic,Counting Stars,1499839,10463507,2458805566,https://kworb.net/spotify/track/2tpWsVSb9UEmDRxAl1zhX1.html
2026-05-22,151,Rihanna,We Found Love,1482727,8062253,1060274358,https://kworb.net/spotify/track/1zv3WFUbZ5vPxFq9I2jAU1.html
2026-05-22,152,French Montana,Unforgettable,1480483,8101005,1476994901,https://kworb.net/spotify/track/3B54sVLJ402zGa6Xm4YGNe.html
2026-05-22,153,Justin Bieber,Love Yourself,1478588,10456723,1154682560,https://kworb.net/spotify/track/3hB5DgAiMAQ4DzYbsMq1IT.html
2026-05-22,154,Maroon 5,Payphone,1468796,9895373,847312520,https://kworb.net/spotify/track/1XGmzt0PVuFgQYYnV2It7A.html
2026-05-22,155,Guns N' Roses,Sweet Child O' Mine,1466180,9696601,589620207,https://kworb.net/spotify/track/7snQQk1zcKl8gZ92AnueZW.html
2026-05-22,156,She & Him,I Thought I Saw Your Face Today,1459017,9945403,364417826,https://kworb.net/spotify/track/0myRViRgmQ3J8izICXEAVO.html
2026-05-22,157,TOTO,Africa,1453080,8383406,739149498,https://kworb.net/spotify/track/2374M0fQpWi3dLnB54qaLX.html
2026-05-22,158,BTS,Aliens,1449565,10049020,155838443,https://kworb.net/spotify/track/5tg21NdePCn5m8F9BXOEeJ.html
2026-05-22,159,The Jackson 5,I Want You Back,1446354,10085937,36755889,https://kworb.net/spotify/track/5LxvwujISqiB8vpRYv887S.html
2026-05-22,160,Rihanna,Only Girl (In The World),1437604,6685895,252314014,https://kworb.net/spotify/track/2ENexcMEMsYk0rVJigVD3i.html
2026-05-22,161,The Chainsmokers,Something Just Like This,1437063,6763582,2550454316,https://kworb.net/spotify/track/6RUKPb4LETWmmr3iAEQktW.html
2026-05-22,162,Don Toliver,E85,1432092,8545709,201888041,https://kworb.net/spotify/track/3B4cjvGlPvyBLNG3AzEgkZ.html
2026-05-22,163,Tame Impala,The Less I Know The Better,1428960,9832783,572567596,https://kworb.net/spotify/track/6K4t31amVTZDgR3sKmwUJJ.html
2026-05-22,164,Katy Perry,Last Friday Night (T.G.I.F.),1427393,9399331,167040366,https://kworb.net/spotify/track/3avYqdwHKEq8beXbeWCKqJ.html
2026-05-22,165,W Sound,La Plena - W Sound 05,1427264,5453771,1084364435,https://kworb.net/spotify/track/6iOndD4OFo7GkaDypWQIou.html
2026-05-22,166,Glass Animals,Heat Waves,1422566,9228686,3020154251,https://kworb.net/spotify/track/02MWAaffLxlfxAUY7c5dvx.html
2026-05-22,167,KAROL G,Si Antes Te Hubiera Conocido,1418446,9333167,1681031470,https://kworb.net/spotify/track/6WatFBLVB0x077xWeoVc2k.html
2026-05-22,168,Justin Bieber,That Should Be Me,1413840,9648764,71425715,https://kworb.net/spotify/track/0aPZbnkMoWJaJ5CNVLCj8S.html
2026-05-22,169,Drake,Make Them Know,1410881,13779481,18798304,https://kworb.net/spotify/track/1xO3PpGchMqMmmF6OEtH5Y.html
2026-05-22,170,sombr,undressed,1408974,6677310,904794908,https://kworb.net/spotify/track/0TFTAtCYhp2tQ9KcJIZb55.html
2026-05-22,171,Ed Sheeran,Perfect,1407552,9355630,3616056135,https://kworb.net/spotify/track/0tgVpDi06FyKpA1z0VMD4v.html
2026-05-22,172,Fuerza Regida,Marlboro Rojo,1406994,9998850,653792005,https://kworb.net/spotify/track/3hpm0fTeSqlhJbnqAgaLZs.html
2026-05-22,173,AC/DC,Thunderstruck,1393066,4056565,129703103,https://kworb.net/spotify/track/57bgtoPSgt236HzfBOd8kj.html
2026-05-22,174,The Chainsmokers,Closer,1390003,7979017,2309937322,https://kworb.net/spotify/track/7BKLCZ1jbUBVqRi2FVlTVw.html
2026-05-22,175,Drake,Passionfruit,1388841,9395687,540184791,https://kworb.net/spotify/track/7hDc8b7IXETo14hHIHdnhd.html
2026-05-22,176,Eminem,Without Me,1388307,6615845,2115543604,https://kworb.net/spotify/track/7lQ8MOhq6IN2w8EYcFNSUk.html
2026-05-22,177,The Weeknd,Timeless,1388136,9753359,1519266807,https://kworb.net/spotify/track/0FIDCNYYjNvPVimz5icugS.html
2026-05-22,178,Charlie Puth,We Don't Talk Anymore,1388131,7893902,866526658,https://kworb.net/spotify/track/06KyNuuMOX1ROXRhj787tj.html
2026-05-22,179,Mac Miller,Cinderella,1387829,5528247,5528247,https://kworb.net/spotify/track/2lpygKqzPFtItQ4ss3cgfb.html
2026-05-22,180,Tears For Fears,Everybody Wants To Rule The World,1382174,1382174,1317114361,https://kworb.net/spotify/track/4RvWPyQ5RL0ao9LPZeSouE.html
2026-05-22,181,Bruno Mars,When I Was Your Man,1375032,8069157,1766177640,https://kworb.net/spotify/track/0B7wvvmu9EISAwZnOpjhNI.html
2026-05-22,182,Dexter and The Moonrocks,Freakin’ Out,1368365,7070755,29641712,https://kworb.net/spotify/track/2SaWT781xr3hHLdbVt5DB7.html
2026-05-22,183,a-ha,Take on Me - 2015 Remaster,1365778,2680978,31876689,https://kworb.net/spotify/track/04aigH9HRGebQZu1JAN6X1.html
2026-05-22,184,Rihanna,S&M,1362055,1362055,59716195,https://kworb.net/spotify/track/7ySUcLPVX7KudhnmNcgY2D.html
2026-05-22,185,Kings of Leon,Sex on Fire,1356854,1356854,90702910,https://kworb.net/spotify/track/0ntQJM78wzOLVeCUAW7Y45.html
2026-05-22,186,Michael Jackson,P.Y.T. (Pretty Young Thing),1347992,9126783,26416202,https://kworb.net/spotify/track/1CgmY8fVN7kstVDZmsdM5k.html
2026-05-22,187,Gotye,Somebody That I Used To Know,1344027,9306425,170058592,https://kworb.net/spotify/track/1qDrWA6lyx8cLECdZE7TV7.html
2026-05-22,188,Shawn Mendes,There's Nothing Holdin' Me Back,1341912,7106207,783128597,https://kworb.net/spotify/track/79cuOz3SPQTuFrp8WgftAu.html
2026-05-22,189,The Chemical Brothers,Go,1341577,1341577,1341577,https://kworb.net/spotify/track/2Xhd1kYKj2aee7JR3nIlRe.html
2026-05-22,190,BTS,Into the Sun,1340875,9285761,126788344,https://kworb.net/spotify/track/1ZNolq7VI7efGlh2hb2VVr.html
2026-05-22,191,STELLA LEFTY,Boston,1338958,3992234,3992234,https://kworb.net/spotify/track/36idurZmYRjJ56KQ8JD9bN.html
2026-05-22,192,Post Malone,Sunflower - Spider-Man: Into the Spider-Verse,1337364,6473666,3668460589,https://kworb.net/spotify/track/0RiRZpuVRbi7oqRdSMwhQY.html
2026-05-22,193,Michael Jackson,Remember the Time,1335068,7762766,32448616,https://kworb.net/spotify/track/4jnFqNWeJCeCRHc4HCdxfd.html
2026-05-22,194,Mac Miller,The Spins,1334783,1334783,7643383,https://kworb.net/spotify/track/3iEUDvanZwQhLCIqUmCR7N.html
2026-05-22,195,eńau,Sesi Potret,1328498,5293909,5293909,https://kworb.net/spotify/track/4xoY4lZNoTjEuHsSmhgF1G.html
2026-05-22,196,Gracie Abrams,That’s So True,1327721,6728458,1707344713,https://kworb.net/spotify/track/7ne4VBA60CxGM75vw0EYad.html
2026-05-22,197,The Long Faces,Jane!,1327157,2513331,37265434,https://kworb.net/spotify/track/0IjdXwCEhZR7JIwq6Za8j5.html
2026-05-22,198,Alex Warren,FEVER DREAM,1326393,1326393,147407967,https://kworb.net/spotify/track/7ogpGbKc4Io6NCU6ydxXwZ.html
2026-05-22,199,The Outfield,Your Love,1325197,2629989,219231632,https://kworb.net/spotify/track/2jPCbFrFlyGbKgblxub8Lm.html
2026-05-22,200,BTS,Merry Go Round,1320904,9128257,139921537,https://kworb.net/spotify/track/3VegC0PZiHjGxb80DER8XU.html
